Time,Poke1,Poke2,Line1,Line2,Line3,Line4,Cue1,Cue2,Cue3,Cue4
28.759,False,True,0,0,0,0,False,False,False,False
42.919,True,False,1,0,0,0,False,False,False,False
42.954,False,False,1,0,0,0,False,False,False,False
47.018,True,False,0,0,0,0,False,False,False,False
47.059,True,False,0,0,0,0,False,False,False,False
47.1,True,False,0,0,0,0,False,False,False,False
47.181,True,False,0,0,0,0,False,False,False,False
47.303,True,False,0,0,0,0,False,False,False,False
47.345,True,False,0,0,0,0,False,False,False,False
47.385,True,False,0,0,0,0,False,False,False,False
47.426,True,False,0,0,0,0,False,False,False,False
47.467,True,False,0,0,0,0,False,False,False,False
47.508,True,False,0,0,0,0,False,False,False,False
47.63,True,False,0,0,0,0,False,False,False,False
47.752,True,False,0,0,0,0,False,False,False,False
48.077,True,False,0,0,0,0,False,False,False,False
48.117,True,False,0,0,0,0,False,False,False,False
48.158,True,False,0,0,0,0,False,False,False,False
48.199,True,False,0,0,0,0,False,False,False,False
48.24,True,False,0,0,0,0,False,False,False,False
48.281,True,False,0,0,0,0,False,False,False,False
48.321,True,False,0,0,0,0,False,False,False,False
48.362,True,False,0,0,0,0,False,False,False,False
48.403,True,False,0,0,0,0,False,False,False,False
48.444,True,False,0,0,0,0,False,False,False,False
48.484,True,False,0,0,0,0,False,False,False,False
48.525,True,False,0,0,0,0,False,False,False,False
48.566,True,False,0,0,0,0,False,False,False,False
48.607,True,False,0,0,0,0,False,False,False,False
48.648,True,False,0,0,0,0,False,False,False,False
48.688,True,False,0,0,0,0,False,False,False,False
48.729,True,False,0,0,0,0,False,False,False,False
48.77,True,False,0,0,0,0,False,False,False,False
50.196,True,False,0,0,0,0,False,False,False,False
50.237,True,False,0,0,0,0,False,False,False,False
50.277,True,False,0,0,0,0,False,False,False,False
50.318,True,False,0,0,0,0,False,False,False,False
50.359,True,False,0,0,0,0,False,False,False,False
50.4,True,False,0,0,0,0,False,False,False,False
50.44,True,False,0,0,0,0,False,False,False,False
50.481,True,False,0,0,0,0,False,False,False,False
50.522,True,False,0,0,0,0,False,False,False,False
50.563,True,False,0,0,0,0,False,False,False,False
50.604,True,False,0,0,0,0,False,False,False,False
50.644,True,False,0,0,0,0,False,False,False,False
50.685,True,False,0,0,0,0,False,False,False,False
50.726,True,False,0,0,0,0,False,False,False,False
50.767,True,False,0,0,0,0,False,False,False,False
50.807,True,False,0,0,0,0,False,False,False,False
50.848,True,False,0,0,0,0,False,False,False,False
50.889,True,False,0,0,0,0,False,False,False,False
50.93,True,False,0,0,0,0,False,False,False,False
50.97,True,False,0,0,0,0,False,False,False,False
51.011,True,False,0,0,0,0,False,False,False,False
51.052,True,False,0,0,0,0,False,False,False,False
51.093,True,False,0,0,0,0,False,False,False,False
51.134,True,False,0,0,0,0,False,False,False,False
51.176,True,False,0,0,0,0,False,False,False,False
51.217,True,False,0,0,0,0,False,False,False,False
51.257,True,False,0,0,0,0,False,False,False,False
51.298,True,False,0,0,0,0,False,False,False,False
51.339,True,False,0,0,0,0,False,False,False,False
51.379,True,False,0,0,0,0,False,False,False,False
51.42,True,False,0,0,0,0,False,False,False,False
51.461,True,False,0,0,0,0,False,False,False,False
51.502,True,False,0,0,0,0,False,False,False,False
51.542,True,False,0,0,0,0,False,False,False,False
51.583,True,False,0,0,0,0,False,False,False,False
51.624,True,False,0,0,0,0,False,False,False,False
51.664,True,False,0,0,0,0,False,False,False,False
51.705,True,False,0,0,0,0,False,False,False,False
52.883,True,False,0,0,0,0,False,False,False,False
52.924,True,False,0,0,0,0,False,False,False,False
52.964,True,False,0,0,0,0,False,False,False,False
53.005,True,False,0,0,0,0,False,False,False,False
53.046,True,False,0,0,0,0,False,False,False,False
53.087,True,False,0,0,0,0,False,False,False,False
53.127,True,False,0,0,0,0,False,False,False,False
53.168,True,False,0,0,0,0,False,False,False,False
53.209,True,False,0,0,0,0,False,False,False,False
53.249,True,False,0,0,0,0,False,False,False,False
53.29,True,False,0,0,0,0,False,False,False,False
53.331,True,False,0,0,0,0,False,False,False,False
53.372,True,False,0,0,0,0,False,False,False,False
53.412,True,False,0,0,0,0,False,False,False,False
53.453,True,False,0,0,0,0,False,False,False,False
53.494,True,False,0,0,0,0,False,False,False,False
53.534,True,False,0,0,0,0,False,False,False,False
53.575,True,False,0,0,0,0,False,False,False,False
53.616,True,False,0,0,0,0,False,False,False,False
53.657,True,False,0,0,0,0,False,False,False,False
53.697,True,False,0,0,0,0,False,False,False,False
53.738,True,False,0,0,0,0,False,False,False,False
53.779,True,False,0,0,0,0,False,False,False,False
53.819,True,False,0,0,0,0,False,False,False,False
53.86,True,False,0,0,0,0,False,False,False,False
53.901,True,False,0,0,0,0,False,False,False,False
53.942,True,False,0,0,0,0,False,False,False,False
89.348,False,True,0,0,0,0,False,False,False,False
89.397,False,True,0,0,0,0,False,False,False,False
89.438,False,True,0,0,0,0,False,False,False,False
89.479,False,True,0,0,0,0,False,False,False,False
89.52,False,True,0,0,0,0,False,False,False,False
89.561,False,True,0,0,0,0,False,False,False,False
89.601,False,True,0,0,0,0,False,False,False,False
89.642,False,True,0,0,0,0,False,False,False,False
89.683,False,True,0,0,0,0,False,False,False,False
89.724,False,True,0,0,0,0,False,False,False,False
89.765,False,True,0,0,0,0,False,False,False,False
89.805,False,True,0,0,0,0,False,False,False,False
89.846,False,True,0,0,0,0,False,False,False,False
89.887,False,True,0,0,0,0,False,False,False,False
106.266,True,False,0,0,0,0,False,False,False,False
106.307,True,False,0,0,0,0,False,False,False,False
106.348,True,False,0,0,0,0,False,False,False,False
106.388,True,False,0,0,0,0,False,False,False,False
106.429,True,False,0,0,0,0,False,False,False,False
106.47,True,False,0,0,0,0,False,False,False,False
106.511,True,False,0,0,0,0,False,False,False,False
106.552,True,False,0,0,0,0,False,False,False,False
106.592,True,False,0,0,0,0,False,False,False,False
106.633,True,False,0,0,0,0,False,False,False,False
106.674,True,False,0,0,0,0,False,False,False,False
106.714,True,False,0,0,0,0,False,False,False,False
106.755,True,False,0,0,0,0,False,False,False,False
106.796,True,False,0,0,0,0,False,False,False,False
106.837,True,False,0,0,0,0,False,False,False,False
106.877,True,False,0,0,0,0,False,False,False,False
106.918,True,False,0,0,0,0,False,False,False,False
106.959,True,False,0,0,0,0,False,False,False,False
107.0,True,False,0,0,0,0,False,False,False,False
107.04,True,False,0,0,0,0,False,False,False,False
107.081,True,False,0,0,0,0,False,False,False,False
107.122,True,False,0,0,0,0,False,False,False,False
107.163,True,False,0,0,0,0,False,False,False,False
107.203,True,False,0,0,0,0,False,False,False,False
107.244,True,False,0,0,0,0,False,False,False,False
107.285,True,False,0,0,0,0,False,False,False,False
107.326,True,False,0,0,0,0,False,False,False,False
107.366,True,False,0,0,0,0,False,False,False,False
107.407,True,False,0,0,0,0,False,False,False,False
107.448,True,False,0,0,0,0,False,False,False,False
107.489,True,False,0,0,0,0,False,False,False,False
107.529,True,False,0,0,0,0,False,False,False,False
107.57,True,False,0,0,0,0,False,False,False,False
107.611,True,False,0,0,0,0,False,False,False,False
107.651,True,False,0,0,0,0,False,False,False,False
107.692,True,False,0,0,0,0,False,False,False,False
107.733,True,False,0,0,0,0,False,False,False,False
107.774,True,False,0,0,0,0,False,False,False,False
107.814,True,False,0,0,0,0,False,False,False,False
107.855,True,False,0,0,0,0,False,False,False,False
107.896,True,False,0,0,0,0,False,False,False,False
107.937,True,False,0,0,0,0,False,False,False,False
107.977,True,False,0,0,0,0,False,False,False,False
108.018,True,False,0,0,0,0,False,False,False,False
108.059,True,False,0,0,0,0,False,False,False,False
108.099,True,False,0,0,0,0,False,False,False,False
108.14,True,False,0,0,0,0,False,False,False,False
108.181,True,False,0,0,0,0,False,False,False,False
108.222,True,False,0,0,0,0,False,False,False,False
108.263,True,False,0,0,0,0,False,False,False,False
108.304,True,False,0,0,0,0,False,False,False,False
108.345,True,False,0,0,0,0,False,False,False,False
108.385,True,False,0,0,0,0,False,False,False,False
108.426,True,False,0,0,0,0,False,False,False,False
108.467,True,False,0,0,0,0,False,False,False,False
108.507,True,False,0,0,0,0,False,False,False,False
130.853,False,True,0,0,0,0,False,False,False,False
130.895,False,True,0,0,0,0,False,False,False,False
130.935,False,True,0,0,0,0,False,False,False,False
130.976,False,True,0,0,0,0,False,False,False,False
131.017,False,True,0,0,0,0,False,False,False,False
131.058,False,True,0,0,0,0,False,False,False,False
131.098,False,True,0,0,0,0,False,False,False,False
131.139,False,True,0,0,0,0,False,False,False,False
131.18,False,True,0,0,0,0,False,False,False,False
131.221,False,True,0,0,0,0,False,False,False,False
131.262,False,True,0,0,0,0,False,False,False,False
131.302,False,True,0,0,0,0,False,False,False,False
131.343,False,True,0,0,0,0,False,False,False,False
131.384,False,True,0,0,0,0,False,False,False,False
131.424,False,True,0,0,0,0,False,False,False,False
131.465,False,True,0,0,0,0,False,False,False,False
131.506,False,True,0,0,0,0,False,False,False,False
131.547,False,True,0,0,0,0,False,False,False,False
131.587,False,True,0,0,0,0,False,False,False,False
131.628,False,True,0,0,0,0,False,False,False,False
131.673,False,True,0,0,0,0,False,False,False,False
131.715,False,True,0,0,0,0,False,False,False,False
131.756,False,True,0,0,0,0,False,False,False,False
131.797,False,True,0,0,0,0,False,False,False,False
131.837,False,True,0,0,0,0,False,False,False,False
131.878,False,True,0,0,0,0,False,False,False,False
131.919,False,True,0,0,0,0,False,False,False,False
131.959,False,True,0,0,0,0,False,False,False,False
132.0,False,True,0,0,0,0,False,False,False,False
132.041,False,True,0,0,0,0,False,False,False,False
132.082,False,True,0,0,0,0,False,False,False,False
132.122,False,True,0,0,0,0,False,False,False,False
132.163,False,True,0,0,0,0,False,False,False,False
132.204,False,True,0,0,0,0,False,False,False,False
132.244,False,True,0,0,0,0,False,False,False,False
132.285,False,True,0,0,0,0,False,False,False,False
132.326,False,True,0,0,0,0,False,False,False,False
132.366,False,True,0,0,0,0,False,False,False,False
132.407,False,True,0,0,0,0,False,False,False,False
132.447,False,True,0,0,0,0,False,False,False,False
132.488,False,True,0,0,0,0,False,False,False,False
132.528,False,True,0,0,0,0,False,False,False,False
132.569,False,True,0,0,0,0,False,False,False,False
132.609,False,True,0,0,0,0,False,False,False,False
132.649,False,True,0,0,0,0,False,False,False,False
132.69,False,True,0,0,0,0,False,False,False,False
132.73,False,True,0,0,0,0,False,False,False,False
132.771,False,True,0,0,0,0,False,False,False,False
132.811,False,True,0,0,0,0,False,False,False,False
132.852,False,True,0,0,0,0,False,False,False,False
132.892,False,True,0,0,0,0,False,False,False,False
132.933,False,True,0,0,0,0,False,False,False,False
132.973,False,True,0,0,0,0,False,False,False,False
133.014,False,True,0,0,0,0,False,False,False,False
133.054,False,True,0,0,0,0,False,False,False,False
139.197,False,False,1,0,0,0,False,False,False,False
139.232,False,False,1,0,0,0,False,False,False,False
145.771,True,False,0,0,0,0,False,False,False,False
145.852,True,False,0,0,0,0,False,False,False,False
146.584,True,False,0,0,0,0,False,False,False,False
148.736,True,False,0,0,0,0,False,False,False,False
148.777,True,False,0,0,0,0,False,False,False,False
148.859,True,False,0,0,0,0,False,False,False,False
148.899,True,False,0,0,0,0,False,False,False,False
149.021,True,False,0,0,0,0,False,False,False,False
151.905,True,False,0,0,0,0,False,False,False,False
151.946,True,False,0,0,0,0,False,False,False,False
152.027,True,False,0,0,0,0,False,False,False,False
152.068,True,False,0,0,0,0,False,False,False,False
152.109,True,False,0,0,0,0,False,False,False,False
152.15,True,False,0,0,0,0,False,False,False,False
152.19,True,False,0,0,0,0,False,False,False,False
152.231,True,False,0,0,0,0,False,False,False,False
152.272,True,False,0,0,0,0,False,False,False,False
152.313,True,False,0,0,0,0,False,False,False,False
152.353,True,False,0,0,0,0,False,False,False,False
152.394,True,False,0,0,0,0,False,False,False,False
152.435,True,False,0,0,0,0,False,False,False,False
152.475,True,False,0,0,0,0,False,False,False,False
152.516,True,False,0,0,0,0,False,False,False,False
152.557,True,False,0,0,0,0,False,False,False,False
154.304,True,False,0,0,0,0,False,False,False,False
154.344,True,False,0,0,0,0,False,False,False,False
154.385,True,False,0,0,0,0,False,False,False,False
154.426,True,False,0,0,0,0,False,False,False,False
154.466,True,False,0,0,0,0,False,False,False,False
154.507,True,False,0,0,0,0,False,False,False,False
154.548,True,False,0,0,0,0,False,False,False,False
154.589,True,False,0,0,0,0,False,False,False,False
154.63,True,False,0,0,0,0,False,False,False,False
154.67,True,False,0,0,0,0,False,False,False,False
154.711,True,False,0,0,0,0,False,False,False,False
154.752,True,False,0,0,0,0,False,False,False,False
154.792,True,False,0,0,0,0,False,False,False,False
154.833,True,False,0,0,0,0,False,False,False,False
154.874,True,False,0,0,0,0,False,False,False,False
154.915,True,False,0,0,0,0,False,False,False,False
269.985,False,True,0,0,0,0,False,False,False,False
270.027,False,True,0,0,0,0,False,False,False,False
270.068,False,True,0,0,0,0,False,False,False,False
270.109,False,True,0,0,0,0,False,False,False,False
270.149,False,True,0,0,0,0,False,False,False,False
270.19,False,True,0,0,0,0,False,False,False,False
270.231,False,True,0,0,0,0,False,False,False,False
270.272,False,True,0,0,0,0,False,False,False,False
270.312,False,True,0,0,0,0,False,False,False,False
270.353,False,True,0,0,0,0,False,False,False,False
270.394,False,True,0,0,0,0,False,False,False,False
270.434,False,True,0,0,0,0,False,False,False,False
270.475,False,True,0,0,0,0,False,False,False,False
270.516,False,True,0,0,0,0,False,False,False,False
270.557,False,True,0,0,0,0,False,False,False,False
270.597,False,True,0,0,0,0,False,False,False,False
270.638,False,True,0,0,0,0,False,False,False,False
270.679,False,True,0,0,0,0,False,False,False,False
270.72,False,True,0,0,0,0,False,False,False,False
270.761,False,True,0,0,0,0,False,False,False,False
270.801,False,True,0,0,0,0,False,False,False,False
270.842,False,True,0,0,0,0,False,False,False,False
270.883,False,True,0,0,0,0,False,False,False,False
270.924,False,True,0,0,0,0,False,False,False,False
270.964,False,True,0,0,0,0,False,False,False,False
271.005,False,True,0,0,0,0,False,False,False,False
271.046,False,True,0,0,0,0,False,False,False,False
271.086,False,True,0,0,0,0,False,False,False,False
271.127,False,True,0,0,0,0,False,False,False,False
271.168,False,True,0,0,0,0,False,False,False,False
271.209,False,True,0,0,0,0,False,False,False,False
271.249,False,True,0,0,0,0,False,False,False,False
271.29,False,True,0,0,0,0,False,False,False,False
271.33,False,True,0,0,0,0,False,False,False,False
271.371,False,True,0,0,0,0,False,False,False,False
271.411,False,True,0,0,0,0,False,False,False,False
271.452,False,True,0,0,0,0,False,False,False,False
271.492,False,True,0,0,0,0,False,False,False,False
271.533,False,True,0,0,0,0,False,False,False,False
271.573,False,True,0,0,0,0,False,False,False,False
271.614,False,True,0,0,0,0,False,False,False,False
271.654,False,True,0,0,0,0,False,False,False,False
271.694,False,True,0,0,0,0,False,False,False,False
271.735,False,True,0,0,0,0,False,False,False,False
271.775,False,True,0,0,0,0,False,False,False,False
271.816,False,True,0,0,0,0,False,False,False,False
271.857,False,True,0,0,0,0,False,False,False,False
271.897,False,True,0,0,0,0,False,False,False,False
271.937,False,True,0,0,0,0,False,False,False,False
271.978,False,True,0,0,0,0,False,False,False,False
272.018,False,True,0,0,0,0,False,False,False,False
272.059,False,True,0,0,0,0,False,False,False,False
272.1,False,True,0,0,0,0,False,False,False,False
272.14,False,True,0,0,0,0,False,False,False,False
272.181,False,True,0,0,0,0,False,False,False,False
272.221,False,True,0,0,0,0,False,False,False,False
272.262,False,True,0,0,0,0,False,False,False,False
272.302,False,True,0,0,0,0,False,False,False,False
272.343,False,True,0,0,0,0,False,False,False,False
272.383,False,True,0,0,0,0,False,False,False,False
272.424,False,True,0,0,0,0,False,False,False,False
272.464,False,True,0,0,0,0,False,False,False,False
272.505,False,True,0,0,0,0,False,False,False,False
272.545,False,True,0,0,0,0,False,False,False,False
272.586,False,True,0,0,0,0,False,False,False,False
272.626,False,True,0,0,0,0,False,False,False,False
272.666,False,True,0,0,0,0,False,False,False,False
272.707,False,True,0,0,0,0,False,False,False,False
280.028,True,False,0,1,0,0,False,False,False,False
280.067,False,False,0,1,0,0,False,False,False,False
335.573,False,False,0,0,0,0,False,True,False,False
335.614,False,True,0,0,0,0,False,False,False,False
335.655,False,True,0,0,0,0,False,False,False,False
335.696,False,True,0,0,0,0,False,False,False,False
335.737,False,True,0,0,0,0,False,False,False,False
335.777,False,True,0,0,0,0,False,False,False,False
335.818,False,True,0,0,0,0,False,False,False,False
335.859,False,True,0,0,0,0,False,False,False,False
335.899,False,True,0,0,0,0,False,False,False,False
335.94,False,True,0,0,0,0,False,False,False,False
335.981,False,True,0,0,0,0,False,False,False,False
336.022,False,True,0,0,0,0,False,False,False,False
336.062,False,True,0,0,0,0,False,False,False,False
336.103,False,True,0,0,0,0,False,False,False,False
336.144,False,True,0,0,0,0,False,False,False,False
336.185,False,True,0,0,0,0,False,False,False,False
336.225,False,True,0,0,0,0,False,False,False,False
336.266,False,True,0,0,0,0,False,False,False,False
336.307,False,True,0,0,0,0,False,False,False,False
336.347,False,True,0,0,0,0,False,False,False,False
336.388,False,True,0,0,0,0,False,False,False,False
336.429,False,True,0,0,0,0,False,False,False,False
336.47,False,True,0,0,0,0,False,False,False,False
336.51,False,True,0,0,0,0,False,False,False,False
336.551,False,True,0,0,0,0,False,False,False,False
336.592,False,True,0,0,0,0,False,False,False,False
353.738,False,True,0,0,0,0,True,False,False,False
353.779,False,True,0,0,0,0,False,False,False,False
353.82,False,True,0,0,0,0,False,False,False,False
403.519,False,True,0,0,0,0,False,False,False,False
403.56,False,True,0,0,0,0,False,False,False,False
403.601,False,True,0,0,0,0,False,False,False,False
403.642,False,True,0,0,0,0,False,False,False,False
405.186,False,True,0,0,0,0,False,False,False,False
405.227,False,True,0,0,0,0,False,False,False,False
405.267,False,True,0,0,0,0,False,False,False,False
405.308,False,True,0,0,0,0,False,False,False,False
405.348,False,True,0,0,0,0,False,False,False,False
405.389,False,True,0,0,0,0,False,False,False,False
405.429,False,True,0,0,0,0,False,False,False,False
405.47,False,True,0,0,0,0,False,False,False,False
468.679,False,True,0,0,0,0,False,False,False,False
468.724,False,True,0,0,0,0,False,False,False,False
468.765,False,True,0,0,0,0,False,False,False,False
468.806,False,True,0,0,0,0,False,False,False,False
468.846,False,True,0,0,0,0,False,False,False,False
468.887,False,True,0,0,0,0,False,False,False,False
468.928,False,True,0,0,0,0,False,False,False,False
468.969,False,True,0,0,0,0,False,False,False,False
469.009,False,True,0,0,0,0,False,False,False,False
469.05,False,True,0,0,0,0,False,False,False,False
469.091,False,True,0,0,0,0,False,False,False,False
469.132,False,True,0,0,0,0,False,False,False,False
469.172,False,True,0,0,0,0,False,False,False,False
469.213,False,True,0,0,0,0,False,False,False,False
469.254,False,True,0,0,0,0,False,False,False,False
469.294,False,True,0,0,0,0,False,False,False,False
469.336,False,True,0,0,0,0,False,False,False,False
469.376,False,True,0,0,0,0,False,False,False,False
469.417,False,True,0,0,0,0,False,False,False,False
469.458,False,True,0,0,0,0,False,False,False,False
469.499,False,True,0,0,0,0,False,False,False,False
469.539,False,True,0,0,0,0,False,False,False,False
469.58,False,True,0,0,0,0,False,False,False,False
469.621,False,True,0,0,0,0,False,False,False,False
469.662,False,True,0,0,0,0,False,False,False,False
469.702,False,True,0,0,0,0,False,False,False,False
469.743,False,True,0,0,0,0,False,False,False,False
469.784,False,True,0,0,0,0,False,False,False,False
469.825,False,True,0,0,0,0,False,False,False,False
469.865,False,True,0,0,0,0,False,False,False,False
469.906,False,True,0,0,0,0,False,False,False,False
469.947,False,True,0,0,0,0,False,False,False,False
469.987,False,True,0,0,0,0,False,False,False,False
470.027,False,True,0,0,0,0,False,False,False,False
470.068,False,True,0,0,0,0,False,False,False,False
470.108,False,True,0,0,0,0,False,False,False,False
470.149,False,True,0,0,0,0,False,False,False,False
470.189,False,True,0,0,0,0,False,False,False,False
470.23,False,True,0,0,0,0,False,False,False,False
470.27,False,True,0,0,0,0,False,False,False,False
470.311,False,True,0,0,0,0,False,False,False,False
508.067,False,True,0,0,0,0,True,False,False,False
508.19,False,True,0,0,0,0,False,False,False,False
508.23,False,True,0,0,0,0,False,False,False,False
508.271,False,True,0,0,0,0,False,False,False,False
508.312,False,True,0,0,0,0,False,False,False,False
508.353,False,True,0,0,0,0,False,False,False,False
508.393,False,True,0,0,0,0,False,False,False,False
508.434,False,True,0,0,0,0,False,False,False,False
508.475,False,True,0,0,0,0,False,False,False,False
508.516,False,True,0,0,0,0,False,False,False,False
508.556,False,True,0,0,0,0,False,False,False,False
508.597,False,True,0,0,0,0,False,False,False,False
508.638,False,True,0,0,0,0,False,False,False,False
549.108,True,False,0,0,0,0,False,False,False,False
549.149,True,False,0,0,0,0,False,False,False,False
549.19,True,False,0,0,0,0,False,False,False,False
549.231,True,False,0,0,0,0,False,False,False,False
549.271,True,False,0,0,0,0,False,False,False,False
549.312,True,False,0,0,0,0,False,False,False,False
549.353,True,False,0,0,0,0,False,False,False,False
549.394,True,False,0,0,0,0,False,False,False,False
549.434,True,False,0,0,0,0,False,False,False,False
549.475,True,False,0,0,0,0,False,False,False,False
549.516,True,False,0,0,0,0,False,False,False,False
549.557,True,False,0,0,0,0,False,False,False,False
549.598,True,False,0,0,0,0,False,False,False,False
549.638,True,False,0,0,0,0,False,False,False,False
549.679,True,False,0,0,0,0,False,False,False,False
549.72,True,False,0,0,0,0,False,False,False,False
549.761,True,False,0,0,0,0,False,False,False,False
549.801,True,False,0,0,0,0,False,False,False,False
549.842,True,False,0,0,0,0,False,False,False,False
549.883,True,False,0,0,0,0,False,False,False,False
549.924,True,False,0,0,0,0,False,False,False,False
549.964,True,False,0,0,0,0,False,False,False,False
550.005,True,False,0,0,0,0,False,False,False,False
550.046,True,False,0,0,0,0,False,False,False,False
550.086,True,False,0,0,0,0,False,False,False,False
550.127,True,False,0,0,0,0,False,False,False,False
550.168,True,False,0,0,0,0,False,False,False,False
550.209,True,False,0,0,0,0,False,False,False,False
550.25,True,False,0,0,0,0,False,False,False,False
550.29,True,False,0,0,0,0,False,False,False,False
550.331,True,False,0,0,0,0,False,False,False,False
550.372,True,False,0,0,0,0,False,False,False,False
550.412,True,False,0,0,0,0,False,False,False,False
550.453,True,False,0,0,0,0,False,False,False,False
550.494,True,False,0,0,0,0,False,False,False,False
550.535,True,False,0,0,0,0,False,False,False,False
550.575,True,False,0,0,0,0,False,False,False,False
550.616,True,False,0,0,0,0,False,False,False,False
550.657,True,False,0,0,0,0,False,False,False,False
550.698,True,False,0,0,0,0,False,False,False,False
550.738,True,False,0,0,0,0,False,False,False,False
550.779,True,False,0,0,0,0,False,False,False,False
550.82,True,False,0,0,0,0,False,False,False,False
550.861,True,False,0,0,0,0,False,False,False,False
550.901,True,False,0,0,0,0,False,False,False,False
550.943,True,False,0,0,0,0,False,False,False,False
550.983,True,False,0,0,0,0,False,False,False,False
551.024,True,False,0,0,0,0,False,False,False,False
551.065,True,False,0,0,0,0,False,False,False,False
551.106,True,False,0,0,0,0,False,False,False,False
551.146,True,False,0,0,0,0,False,False,False,False
551.187,True,False,0,0,0,0,False,False,False,False
551.228,True,False,0,0,0,0,False,False,False,False
551.268,True,False,0,0,0,0,False,False,False,False
551.309,True,False,0,0,0,0,False,False,False,False
551.35,True,False,0,0,0,0,False,False,False,False
551.391,True,False,0,0,0,0,False,False,False,False
551.432,True,False,0,0,0,0,False,False,False,False
551.472,True,False,0,0,0,0,False,False,False,False
551.513,True,False,0,0,0,0,False,False,False,False
551.554,True,False,0,0,0,0,False,False,False,False
551.595,True,False,0,0,0,0,False,False,False,False
551.635,True,False,0,0,0,0,False,False,False,False
551.676,True,False,0,0,0,0,False,False,False,False
551.717,True,False,0,0,0,0,False,False,False,False
551.757,True,False,0,0,0,0,False,False,False,False
551.798,True,False,0,0,0,0,False,False,False,False
551.839,True,False,0,0,0,0,False,False,False,False
551.88,True,False,0,0,0,0,False,False,False,False
551.92,True,False,0,0,0,0,False,False,False,False
551.961,True,False,0,0,0,0,False,False,False,False
552.002,True,False,0,0,0,0,False,False,False,False
552.043,True,False,0,0,0,0,False,False,False,False
552.083,True,False,0,0,0,0,False,False,False,False
552.124,True,False,0,0,0,0,False,False,False,False
552.165,True,False,0,0,0,0,False,False,False,False
552.206,True,False,0,0,0,0,False,False,False,False
552.246,True,False,0,0,0,0,False,False,False,False
552.287,True,False,0,0,0,0,False,False,False,False
552.328,True,False,0,0,0,0,False,False,False,False
552.369,True,False,0,0,0,0,False,False,False,False
552.409,True,False,0,0,0,0,False,False,False,False
552.45,True,False,0,0,0,0,False,False,False,False
552.491,True,False,0,0,0,0,False,False,False,False
552.531,True,False,0,0,0,0,False,False,False,False
552.572,True,False,0,0,0,0,False,False,False,False
552.613,True,False,0,0,0,0,False,False,False,False
552.694,True,False,0,0,0,0,False,False,False,False
623.483,True,False,0,0,0,0,False,False,False,False
623.524,True,False,0,0,0,0,False,False,False,False
623.565,True,False,0,0,0,0,False,False,False,False
623.606,True,False,0,0,0,0,False,False,False,False
623.646,True,False,0,0,0,0,False,False,False,False
623.728,True,False,0,0,0,0,False,False,False,False
623.809,True,False,0,0,0,0,False,False,False,False
623.85,True,False,0,0,0,0,False,False,False,False
623.891,True,False,0,0,0,0,False,False,False,False
623.932,True,False,0,0,0,0,False,False,False,False
623.972,True,False,0,0,0,0,False,False,False,False
624.013,True,False,0,0,0,0,False,False,False,False
624.054,True,False,0,0,0,0,False,False,False,False
624.095,True,False,0,0,0,0,False,False,False,False
624.177,True,False,0,0,0,0,False,False,False,False
624.218,True,False,0,0,0,0,False,False,False,False
624.299,True,False,0,0,0,0,False,False,False,False
624.34,True,False,0,0,0,0,False,False,False,False
624.381,True,False,0,0,0,0,False,False,False,False
625.275,True,False,0,0,0,0,False,False,False,False
625.316,True,False,0,0,0,0,False,False,False,False
625.357,True,False,0,0,0,0,False,False,False,False
625.397,True,False,0,0,0,0,False,False,False,False
625.438,True,False,0,0,0,0,False,False,False,False
625.479,True,False,0,0,0,0,False,False,False,False
625.52,True,False,0,0,0,0,False,False,False,False
625.56,True,False,0,0,0,0,False,False,False,False
796.858,True,False,0,0,0,0,False,False,False,False
796.899,True,False,0,0,0,0,False,False,False,False
796.94,True,False,0,0,0,0,False,False,False,False
796.981,True,False,0,0,0,0,False,False,False,False
797.021,True,False,0,0,0,0,False,False,False,False
797.062,True,False,0,0,0,0,False,False,False,False
797.103,True,False,0,0,0,0,False,False,False,False
797.144,True,False,0,0,0,0,False,False,False,False
797.185,True,False,0,0,0,0,False,False,False,False
797.226,True,False,0,0,0,0,False,False,False,False
797.267,True,False,0,0,0,0,False,False,False,False
797.308,True,False,0,0,0,0,False,False,False,False
797.348,True,False,0,0,0,0,False,False,False,False
797.389,True,False,0,0,0,0,False,False,False,False
797.43,True,False,0,0,0,0,False,False,False,False
804.969,False,True,0,0,0,0,False,False,False,False
805.01,False,True,0,0,0,0,False,False,False,False
805.051,False,True,0,0,0,0,False,False,False,False
805.092,False,True,0,0,0,0,False,False,False,False
805.132,False,True,0,0,0,0,False,False,False,False
805.173,False,True,0,0,0,0,False,False,False,False
805.214,False,True,0,0,0,0,False,False,False,False
805.255,False,True,0,0,0,0,False,False,False,False
805.296,False,True,0,0,0,0,False,False,False,False
805.336,False,True,0,0,0,0,False,False,False,False
805.377,False,True,0,0,0,0,False,False,False,False
805.418,False,True,0,0,0,0,False,False,False,False
805.459,False,True,0,0,0,0,False,False,False,False
805.499,False,True,0,0,0,0,False,False,False,False
805.54,False,True,0,0,0,0,False,False,False,False
805.581,False,True,0,0,0,0,False,False,False,False
805.621,False,True,0,0,0,0,False,False,False,False
805.662,False,True,0,0,0,0,False,False,False,False
805.703,False,True,0,0,0,0,False,False,False,False
805.744,False,True,0,0,0,0,False,False,False,False
805.784,False,True,0,0,0,0,False,False,False,False
805.825,False,True,0,0,0,0,False,False,False,False
805.866,False,True,0,0,0,0,False,False,False,False
805.917,False,True,0,0,0,0,False,False,False,False
805.958,False,True,0,0,0,0,False,False,False,False
813.08,True,False,0,1,0,0,False,False,False,False
813.121,True,False,0,1,0,0,False,False,False,False
813.155,False,False,0,1,0,0,False,False,False,False
959.0,False,True,0,0,0,0,False,False,False,False
959.041,False,True,0,0,0,0,False,False,False,False
959.082,False,True,0,0,0,0,False,False,False,False
959.123,False,True,0,0,0,0,False,False,False,False
959.164,False,True,0,0,0,0,False,False,False,False
959.205,False,True,0,0,0,0,False,False,False,False
959.245,False,True,0,0,0,0,False,False,False,False
959.286,False,True,0,0,0,0,False,False,False,False
959.327,False,True,0,0,0,0,False,False,False,False
959.368,False,True,0,0,0,0,False,False,False,False
959.408,False,True,0,0,0,0,False,False,False,False
959.449,False,True,0,0,0,0,False,False,False,False
959.49,False,True,0,0,0,0,False,False,False,False
959.531,False,True,0,0,0,0,False,False,False,False
959.571,False,True,0,0,0,0,False,False,False,False
959.612,False,True,0,0,0,0,False,False,False,False
959.653,False,True,0,0,0,0,False,False,False,False
959.693,False,True,0,0,0,0,False,False,False,False
959.734,False,True,0,0,0,0,False,False,False,False
959.775,False,True,0,0,0,0,False,False,False,False
959.816,False,True,0,0,0,0,False,False,False,False
959.857,False,True,0,0,0,0,False,False,False,False
959.897,False,True,0,0,0,0,False,False,False,False
959.938,False,True,0,0,0,0,False,False,False,False
959.979,False,True,0,0,0,0,False,False,False,False
960.02,False,True,0,0,0,0,False,False,False,False
960.06,False,True,0,0,0,0,False,False,False,False
960.101,False,True,0,0,0,0,False,False,False,False
960.142,False,True,0,0,0,0,False,False,False,False
960.182,False,True,0,0,0,0,False,False,False,False
960.223,False,True,0,0,0,0,False,False,False,False
960.264,False,True,0,0,0,0,False,False,False,False
960.304,False,True,0,0,0,0,False,False,False,False
960.345,False,True,0,0,0,0,False,False,False,False
960.385,False,True,0,0,0,0,False,False,False,False
960.426,False,True,0,0,0,0,False,False,False,False
960.466,False,True,0,0,0,0,False,False,False,False
960.507,False,True,0,0,0,0,False,False,False,False
960.547,False,True,0,0,0,0,False,False,False,False
960.588,False,True,0,0,0,0,False,False,False,False
960.628,False,True,0,0,0,0,False,False,False,False
960.668,False,True,0,0,0,0,False,False,False,False
960.709,False,True,0,0,0,0,False,False,False,False
960.749,False,True,0,0,0,0,False,False,False,False
960.79,False,True,0,0,0,0,False,False,False,False
960.831,False,True,0,0,0,0,False,False,False,False
960.871,False,True,0,0,0,0,False,False,False,False
960.912,False,True,0,0,0,0,False,False,False,False
960.952,False,True,0,0,0,0,False,False,False,False
960.993,False,True,0,0,0,0,False,False,False,False
961.033,False,True,0,0,0,0,False,False,False,False
961.074,False,True,0,0,0,0,False,False,False,False
961.114,False,True,0,0,0,0,False,False,False,False
961.155,False,True,0,0,0,0,False,False,False,False
961.195,False,True,0,0,0,0,False,False,False,False
961.236,False,True,0,0,0,0,False,False,False,False
961.276,False,True,0,0,0,0,False,False,False,False
961.317,False,True,0,0,0,0,False,False,False,False
961.357,False,True,0,0,0,0,False,False,False,False
961.397,False,True,0,0,0,0,False,False,False,False
961.438,False,True,0,0,0,0,False,False,False,False
961.478,False,True,0,0,0,0,False,False,False,False
961.519,False,True,0,0,0,0,False,False,False,False
961.559,False,True,0,0,0,0,False,False,False,False
961.6,False,True,0,0,0,0,False,False,False,False
961.64,False,True,0,0,0,0,False,False,False,False
961.681,False,True,0,0,0,0,False,False,False,False
961.721,False,True,0,0,0,0,False,False,False,False
961.762,False,True,0,0,0,0,False,False,False,False
961.802,False,True,0,0,0,0,False,False,False,False
961.843,False,True,0,0,0,0,False,False,False,False
961.883,False,True,0,0,0,0,False,False,False,False
961.924,False,True,0,0,0,0,False,False,False,False
961.964,False,True,0,0,0,0,False,False,False,False
962.004,False,True,0,0,0,0,False,False,False,False
962.045,False,True,0,0,0,0,False,False,False,False
962.085,False,True,0,0,0,0,False,False,False,False
962.126,False,True,0,0,0,0,False,False,False,False
962.166,False,True,0,0,0,0,False,False,False,False
962.207,False,True,0,0,0,0,False,False,False,False
962.247,False,True,0,0,0,0,False,False,False,False
962.288,False,True,0,0,0,0,False,False,False,False
962.328,False,True,0,0,0,0,False,False,False,False
962.369,False,True,0,0,0,0,False,False,False,False
962.409,False,True,0,0,0,0,False,False,False,False
962.45,False,True,0,0,0,0,False,False,False,False
1001.619,False,True,0,0,0,0,False,False,False,False
1001.66,False,True,0,0,0,0,False,False,False,False
1001.701,False,True,0,0,0,0,False,False,False,False
1001.742,False,True,0,0,0,0,False,False,False,False
1001.783,False,True,0,0,0,0,False,False,False,False
1001.824,False,True,0,0,0,0,False,False,False,False
1001.865,False,True,0,0,0,0,False,False,False,False
1001.905,False,True,0,0,0,0,False,False,False,False
1001.946,False,True,0,0,0,0,False,False,False,False
1001.987,False,True,0,0,0,0,False,False,False,False
1002.028,False,True,0,0,0,0,False,False,False,False
1002.068,False,True,0,0,0,0,False,False,False,False
1039.874,False,True,0,0,0,0,False,False,False,False
1039.915,False,True,0,0,0,0,False,False,False,False
1039.956,False,True,0,0,0,0,False,False,False,False
1039.997,False,True,0,0,0,0,False,False,False,False
1040.037,False,True,0,0,0,0,False,False,False,False
1040.078,False,True,0,0,0,0,False,False,False,False
1040.119,False,True,0,0,0,0,False,False,False,False
1040.16,False,True,0,0,0,0,False,False,False,False
1040.201,False,True,0,0,0,0,False,False,False,False
1040.241,False,True,0,0,0,0,False,False,False,False
1040.282,False,True,0,0,0,0,False,False,False,False
1040.323,False,True,0,0,0,0,False,False,False,False
1040.364,False,True,0,0,0,0,False,False,False,False
1040.404,False,True,0,0,0,0,False,False,False,False
1040.445,False,True,0,0,0,0,False,False,False,False
1040.486,False,True,0,0,0,0,False,False,False,False
1040.527,False,True,0,0,0,0,False,False,False,False
1040.567,False,True,0,0,0,0,False,False,False,False
1040.608,False,True,0,0,0,0,False,False,False,False
1040.649,False,True,0,0,0,0,False,False,False,False
1040.69,False,True,0,0,0,0,False,False,False,False
1040.73,False,True,0,0,0,0,False,False,False,False
1040.771,False,True,0,0,0,0,False,False,False,False
1040.812,False,True,0,0,0,0,False,False,False,False
1040.852,False,True,0,0,0,0,False,False,False,False
1040.893,False,True,0,0,0,0,False,False,False,False
1040.934,False,True,0,0,0,0,False,False,False,False
1040.975,False,True,0,0,0,0,False,False,False,False
1041.016,False,True,0,0,0,0,False,False,False,False
1041.056,False,True,0,0,0,0,False,False,False,False
1041.097,False,True,0,0,0,0,False,False,False,False
1041.138,False,True,0,0,0,0,False,False,False,False
1041.179,False,True,0,0,0,0,False,False,False,False
1041.22,False,True,0,0,0,0,False,False,False,False
1041.26,False,True,0,0,0,0,False,False,False,False
1041.301,False,True,0,0,0,0,False,False,False,False
1041.341,False,True,0,0,0,0,False,False,False,False
1041.382,False,True,0,0,0,0,False,False,False,False
1041.422,False,True,0,0,0,0,False,False,False,False
1041.463,False,True,0,0,0,0,False,False,False,False
1041.503,False,True,0,0,0,0,False,False,False,False
1041.544,False,True,0,0,0,0,False,False,False,False
1041.585,False,True,0,0,0,0,False,False,False,False
1041.625,False,True,0,0,0,0,False,False,False,False
1041.666,False,True,0,0,0,0,False,False,False,False
1041.706,False,True,0,0,0,0,False,False,False,False
1041.747,False,True,0,0,0,0,False,False,False,False
1041.787,False,True,0,0,0,0,False,False,False,False
1041.829,False,True,0,0,0,0,False,False,False,False
1042.637,False,True,0,0,0,0,False,False,False,False
1042.678,False,True,0,0,0,0,False,False,False,False
1042.718,False,True,0,0,0,0,False,False,False,False
1042.759,False,True,0,0,0,0,False,False,False,False
1042.799,False,True,0,0,0,0,False,False,False,False
1042.84,False,True,0,0,0,0,False,False,False,False
1042.88,False,True,0,0,0,0,False,False,False,False
1042.921,False,True,0,0,0,0,False,False,False,False
1042.961,False,True,0,0,0,0,False,False,False,False
1043.002,False,True,0,0,0,0,False,False,False,False
1043.042,False,True,0,0,0,0,False,False,False,False
1043.082,False,True,0,0,0,0,False,False,False,False
1043.123,False,True,0,0,0,0,False,False,False,False
1043.163,False,True,0,0,0,0,False,False,False,False
1140.229,False,True,0,0,0,0,False,False,False,False
1140.27,False,True,0,0,0,0,False,False,False,False
1140.311,False,True,0,0,0,0,False,False,False,False
1140.352,False,True,0,0,0,0,False,False,False,False
1140.392,False,True,0,0,0,0,False,False,False,False
1140.433,False,True,0,0,0,0,False,False,False,False
1140.474,False,True,0,0,0,0,False,False,False,False
1140.515,False,True,0,0,0,0,False,False,False,False
1140.555,False,True,0,0,0,0,False,False,False,False
1140.596,False,True,0,0,0,0,False,False,False,False
1140.637,False,True,0,0,0,0,False,False,False,False
1140.677,False,True,0,0,0,0,False,False,False,False
1140.718,False,True,0,0,0,0,False,False,False,False
1140.759,False,True,0,0,0,0,False,False,False,False
1140.8,False,True,0,0,0,0,False,False,False,False
1140.841,False,True,0,0,0,0,False,False,False,False
1140.881,False,True,0,0,0,0,False,False,False,False
1140.922,False,True,0,0,0,0,False,False,False,False
1140.963,False,True,0,0,0,0,False,False,False,False
1141.003,False,True,0,0,0,0,False,False,False,False
1141.044,False,True,0,0,0,0,False,False,False,False
1141.085,False,True,0,0,0,0,False,False,False,False
1141.126,False,True,0,0,0,0,False,False,False,False
1141.167,False,True,0,0,0,0,False,False,False,False
1141.207,False,True,0,0,0,0,False,False,False,False
1141.248,False,True,0,0,0,0,False,False,False,False
1141.289,False,True,0,0,0,0,False,False,False,False
1141.33,False,True,0,0,0,0,False,False,False,False
1141.371,False,True,0,0,0,0,False,False,False,False
1141.412,False,True,0,0,0,0,False,False,False,False
1141.453,False,True,0,0,0,0,False,False,False,False
1141.494,False,True,0,0,0,0,False,False,False,False
1141.534,False,True,0,0,0,0,False,False,False,False
1141.575,False,True,0,0,0,0,False,False,False,False
1141.616,False,True,0,0,0,0,False,False,False,False
1141.657,False,True,0,0,0,0,False,False,False,False
1141.697,False,True,0,0,0,0,False,False,False,False
1141.738,False,True,0,0,0,0,False,False,False,False
1141.778,False,True,0,0,0,0,False,False,False,False
1141.819,False,True,0,0,0,0,False,False,False,False
1141.86,False,True,0,0,0,0,False,False,False,False
1141.9,False,True,0,0,0,0,False,False,False,False
1141.941,False,True,0,0,0,0,False,False,False,False
1141.982,False,True,0,0,0,0,False,False,False,False
1142.023,False,True,0,0,0,0,False,False,False,False
1178.423,True,False,0,0,0,0,False,False,False,False
1178.464,True,False,0,0,0,0,False,False,False,False
1178.505,True,False,0,0,0,0,False,False,False,False
1178.546,True,False,0,0,0,0,False,False,False,False
1178.586,True,False,0,0,0,0,False,False,False,False
1178.627,True,False,0,0,0,0,False,False,False,False
1178.668,True,False,0,0,0,0,False,False,False,False
1178.709,True,False,0,0,0,0,False,False,False,False
1178.75,True,False,0,0,0,0,False,False,False,False
1178.79,True,False,0,0,0,0,False,False,False,False
1178.831,True,False,0,0,0,0,False,False,False,False
1178.872,True,False,0,0,0,0,False,False,False,False
1178.913,True,False,0,0,0,0,False,False,False,False
1178.954,True,False,0,0,0,0,False,False,False,False
1178.994,True,False,0,0,0,0,False,False,False,False
1179.035,True,False,0,0,0,0,False,False,False,False
1179.076,True,False,0,0,0,0,False,False,False,False
1179.117,True,False,0,0,0,0,False,False,False,False
1179.157,True,False,0,0,0,0,False,False,False,False
1179.198,True,False,0,0,0,0,False,False,False,False
1179.239,True,False,0,0,0,0,False,False,False,False
1179.28,True,False,0,0,0,0,False,False,False,False
1179.321,True,False,0,0,0,0,False,False,False,False
1179.361,True,False,0,0,0,0,False,False,False,False
1179.402,True,False,0,0,0,0,False,False,False,False
1179.443,True,False,0,0,0,0,False,False,False,False
1179.484,True,False,0,0,0,0,False,False,False,False
1179.525,True,False,0,0,0,0,False,False,False,False
1179.565,True,False,0,0,0,0,False,False,False,False
1179.606,True,False,0,0,0,0,False,False,False,False
1179.647,True,False,0,0,0,0,False,False,False,False
1179.688,True,False,0,0,0,0,False,False,False,False
1179.728,True,False,0,0,0,0,False,False,False,False
1179.769,True,False,0,0,0,0,False,False,False,False
1179.81,True,False,0,0,0,0,False,False,False,False
1179.851,True,False,0,0,0,0,False,False,False,False
1179.892,True,False,0,0,0,0,False,False,False,False
1179.932,True,False,0,0,0,0,False,False,False,False
1179.973,True,False,0,0,0,0,False,False,False,False
1180.014,True,False,0,0,0,0,False,False,False,False
1180.055,True,False,0,0,0,0,False,False,False,False
1180.095,True,False,0,0,0,0,False,False,False,False
1180.136,True,False,0,0,0,0,False,False,False,False
1180.177,True,False,0,0,0,0,False,False,False,False
1180.218,True,False,0,0,0,0,False,False,False,False
1180.259,True,False,0,0,0,0,False,False,False,False
1180.299,True,False,0,0,0,0,False,False,False,False
1180.34,True,False,0,0,0,0,False,False,False,False
1180.381,True,False,0,0,0,0,False,False,False,False
1180.422,True,False,0,0,0,0,False,False,False,False
1180.463,True,False,0,0,0,0,False,False,False,False
1180.503,True,False,0,0,0,0,False,False,False,False
1180.544,True,False,0,0,0,0,False,False,False,False
1180.585,True,False,0,0,0,0,False,False,False,False
1180.626,True,False,0,0,0,0,False,False,False,False
1180.667,True,False,0,0,0,0,False,False,False,False
1180.707,True,False,0,0,0,0,False,False,False,False
1180.748,True,False,0,0,0,0,False,False,False,False
1180.789,True,False,0,0,0,0,False,False,False,False
1180.83,True,False,0,0,0,0,False,False,False,False
1180.87,True,False,0,0,0,0,False,False,False,False
1180.911,True,False,0,0,0,0,False,False,False,False
1180.952,True,False,0,0,0,0,False,False,False,False
1180.993,True,False,0,0,0,0,False,False,False,False
1181.034,True,False,0,0,0,0,False,False,False,False
1181.075,True,False,0,0,0,0,False,False,False,False
1181.116,True,False,0,0,0,0,False,False,False,False
1181.156,True,False,0,0,0,0,False,False,False,False
1181.197,True,False,0,0,0,0,False,False,False,False
1181.238,True,False,0,0,0,0,False,False,False,False
1181.279,True,False,0,0,0,0,False,False,False,False
1181.319,True,False,0,0,0,0,False,False,False,False
1181.36,True,False,0,0,0,0,False,False,False,False
1181.401,True,False,0,0,0,0,False,False,False,False
1181.442,True,False,0,0,0,0,False,False,False,False
1181.483,True,False,0,0,0,0,False,False,False,False
1181.523,True,False,0,0,0,0,False,False,False,False
1181.564,True,False,0,0,0,0,False,False,False,False
1181.605,True,False,0,0,0,0,False,False,False,False
1181.646,True,False,0,0,0,0,False,False,False,False
1181.687,True,False,0,0,0,0,False,False,False,False
1181.727,True,False,0,0,0,0,False,False,False,False
1181.768,True,False,0,0,0,0,False,False,False,False
1181.809,True,False,0,0,0,0,False,False,False,False
1181.85,True,False,0,0,0,0,False,False,False,False
1181.89,True,False,0,0,0,0,False,False,False,False
1181.931,True,False,0,0,0,0,False,False,False,False
1181.972,True,False,0,0,0,0,False,False,False,False
1182.013,True,False,0,0,0,0,False,False,False,False
1182.054,True,False,0,0,0,0,False,False,False,False
1182.094,True,False,0,0,0,0,False,False,False,False
1182.135,True,False,0,0,0,0,False,False,False,False
1182.176,True,False,0,0,0,0,False,False,False,False
1182.217,True,False,0,0,0,0,False,False,False,False
1182.258,True,False,0,0,0,0,False,False,False,False
1182.298,True,False,0,0,0,0,False,False,False,False
1182.339,True,False,0,0,0,0,False,False,False,False
1182.38,True,False,0,0,0,0,False,False,False,False
1182.421,True,False,0,0,0,0,False,False,False,False
1182.461,True,False,0,0,0,0,False,False,False,False
1182.502,True,False,0,0,0,0,False,False,False,False
1182.543,True,False,0,0,0,0,False,False,False,False
1182.584,True,False,0,0,0,0,False,False,False,False
1182.625,True,False,0,0,0,0,False,False,False,False
1182.665,True,False,0,0,0,0,False,False,False,False
1182.706,True,False,0,0,0,0,False,False,False,False
1182.747,True,False,0,0,0,0,False,False,False,False
1182.788,True,False,0,0,0,0,False,False,False,False
1182.829,True,False,0,0,0,0,False,False,False,False
1182.869,True,False,0,0,0,0,False,False,False,False
1182.91,True,False,0,0,0,0,False,False,False,False
1182.951,True,False,0,0,0,0,False,False,False,False
1182.992,True,False,0,0,0,0,False,False,False,False
1183.033,True,False,0,0,0,0,False,False,False,False
1183.073,True,False,0,0,0,0,False,False,False,False
1190.676,True,False,0,0,0,0,False,False,False,False
1190.757,True,False,0,0,0,0,False,False,False,False
1190.798,True,False,0,0,0,0,False,False,False,False
1190.839,True,False,0,0,0,0,False,False,False,False
1190.879,True,False,0,0,0,0,False,False,False,False
1190.92,True,False,0,0,0,0,False,False,False,False
1190.961,True,False,0,0,0,0,False,False,False,False
1191.001,True,False,0,0,0,0,False,False,False,False
1191.164,True,False,0,0,0,0,False,False,False,False
1191.205,True,False,0,0,0,0,False,False,False,False
1191.245,True,False,0,0,0,0,False,False,False,False
1191.286,True,False,0,0,0,0,False,False,False,False
1191.327,True,False,0,0,0,0,False,False,False,False
1191.368,True,False,0,0,0,0,False,False,False,False
1191.408,True,False,0,0,0,0,False,False,False,False
1191.449,True,False,0,0,0,0,False,False,False,False
1191.53,True,False,0,0,0,0,False,False,False,False
1191.571,True,False,0,0,0,0,False,False,False,False
1191.612,True,False,0,0,0,0,False,False,False,False
1191.652,True,False,0,0,0,0,False,False,False,False
1191.693,True,False,0,0,0,0,False,False,False,False
1191.734,True,False,0,0,0,0,False,False,False,False
1191.775,True,False,0,0,0,0,False,False,False,False
1191.815,True,False,0,0,0,0,False,False,False,False
1191.856,True,False,0,0,0,0,False,False,False,False
1191.897,True,False,0,0,0,0,False,False,False,False
1191.938,True,False,0,0,0,0,False,False,False,False
1191.978,True,False,0,0,0,0,False,False,False,False
1192.019,True,False,0,0,0,0,False,False,False,False
1192.06,True,False,0,0,0,0,False,False,False,False
1192.1,True,False,0,0,0,0,False,False,False,False
1192.141,True,False,0,0,0,0,False,False,False,False
1192.182,True,False,0,0,0,0,False,False,False,False
1192.223,True,False,0,0,0,0,False,False,False,False
1192.263,True,False,0,0,0,0,False,False,False,False
1192.305,True,False,0,0,0,0,False,False,False,False
1192.345,True,False,0,0,0,0,False,False,False,False
1192.386,True,False,0,0,0,0,False,False,False,False
1192.427,True,False,0,0,0,0,False,False,False,False
1192.468,True,False,0,0,0,0,False,False,False,False
1192.508,True,False,0,0,0,0,False,False,False,False
1192.549,True,False,0,0,0,0,False,False,False,False
1192.59,True,False,0,0,0,0,False,False,False,False
1192.631,True,False,0,0,0,0,False,False,False,False
1192.671,True,False,0,0,0,0,False,False,False,False
1192.712,True,False,0,0,0,0,False,False,False,False
1192.753,True,False,0,0,0,0,False,False,False,False
1192.793,True,False,0,0,0,0,False,False,False,False
1192.834,True,False,0,0,0,0,False,False,False,False
1192.875,True,False,0,0,0,0,False,False,False,False
1192.915,True,False,0,0,0,0,False,False,False,False
1192.956,True,False,0,0,0,0,False,False,False,False
1192.997,True,False,0,0,0,0,False,False,False,False
1193.038,True,False,0,0,0,0,False,False,False,False
1193.078,True,False,0,0,0,0,False,False,False,False
1193.119,True,False,0,0,0,0,False,False,False,False
1193.16,True,False,0,0,0,0,False,False,False,False
1193.201,True,False,0,0,0,0,False,False,False,False
1193.241,True,False,0,0,0,0,False,False,False,False
1193.282,True,False,0,0,0,0,False,False,False,False
1193.323,True,False,0,0,0,0,False,False,False,False
1193.363,True,False,0,0,0,0,False,False,False,False
1193.404,True,False,0,0,0,0,False,False,False,False
1193.445,True,False,0,0,0,0,False,False,False,False
1193.486,True,False,0,0,0,0,False,False,False,False
1193.526,True,False,0,0,0,0,False,False,False,False
1193.567,True,False,0,0,0,0,False,False,False,False
1193.608,True,False,0,0,0,0,False,False,False,False
1193.649,True,False,0,0,0,0,False,False,False,False
1193.689,True,False,0,0,0,0,False,False,False,False
1193.73,True,False,0,0,0,0,False,False,False,False
1193.771,True,False,0,0,0,0,False,False,False,False
1193.811,True,False,0,0,0,0,False,False,False,False
1193.852,True,False,0,0,0,0,False,False,False,False
1193.893,True,False,0,0,0,0,False,False,False,False
1193.934,True,False,0,0,0,0,False,False,False,False
1194.015,True,False,0,0,0,0,False,False,False,False
1194.056,True,False,0,0,0,0,False,False,False,False
1194.096,True,False,0,0,0,0,False,False,False,False
1194.137,True,False,0,0,0,0,False,False,False,False
1194.178,True,False,0,0,0,0,False,False,False,False
1194.218,True,False,0,0,0,0,False,False,False,False
1194.259,True,False,0,0,0,0,False,False,False,False
1194.3,True,False,0,0,0,0,False,False,False,False
1194.341,True,False,0,0,0,0,False,False,False,False
1194.382,True,False,0,0,0,0,False,False,False,False
1194.423,True,False,0,0,0,0,False,False,False,False
1194.464,True,False,0,0,0,0,False,False,False,False
1194.508,True,False,0,0,0,0,False,False,False,False
1194.549,True,False,0,0,0,0,False,False,False,False
1194.591,True,False,0,0,0,0,False,False,False,False
1194.632,True,False,0,0,0,0,False,False,False,False
1194.673,True,False,0,0,0,0,False,False,False,False
1194.714,True,False,0,0,0,0,False,False,False,False
1194.755,True,False,0,0,0,0,False,False,False,False
1194.796,True,False,0,0,0,0,False,False,False,False
1194.837,True,False,0,0,0,0,False,False,False,False
1194.877,True,False,0,0,0,0,False,False,False,False
1194.918,True,False,0,0,0,0,False,False,False,False
1194.999,True,False,0,0,0,0,False,False,False,False
1261.038,False,True,0,0,0,0,False,False,False,False
1261.079,False,True,0,0,0,0,False,False,False,False
1261.12,False,True,0,0,0,0,False,False,False,False
1261.161,False,True,0,0,0,0,False,False,False,False
1261.201,False,True,0,0,0,0,False,False,False,False
1261.242,False,True,0,0,0,0,False,False,False,False
1261.283,False,True,0,0,0,0,False,False,False,False
1261.324,False,True,0,0,0,0,False,False,False,False
1261.364,False,True,0,0,0,0,False,False,False,False
1261.405,False,True,0,0,0,0,False,False,False,False
1261.446,False,True,0,0,0,0,False,False,False,False
1261.487,False,True,0,0,0,0,False,False,False,False
1261.527,False,True,0,0,0,0,False,False,False,False
1261.568,False,True,0,0,0,0,False,False,False,False
1261.609,False,True,0,0,0,0,False,False,False,False
1261.65,False,True,0,0,0,0,False,False,False,False
1261.691,False,True,0,0,0,0,False,False,False,False
1261.731,False,True,0,0,0,0,False,False,False,False
1261.772,False,True,0,0,0,0,False,False,False,False
1261.813,False,True,0,0,0,0,False,False,False,False
1261.853,False,True,0,0,0,0,False,False,False,False
1261.894,False,True,0,0,0,0,False,False,False,False
1261.935,False,True,0,0,0,0,False,False,False,False
1261.976,False,True,0,0,0,0,False,False,False,False
1262.016,False,True,0,0,0,0,False,False,False,False
1262.057,False,True,0,0,0,0,False,False,False,False
1262.098,False,True,0,0,0,0,False,False,False,False
1262.139,False,True,0,0,0,0,False,False,False,False
1262.179,False,True,0,0,0,0,False,False,False,False
1262.22,False,True,0,0,0,0,False,False,False,False
1262.261,False,True,0,0,0,0,False,False,False,False
1262.302,False,True,0,0,0,0,False,False,False,False
1262.342,False,True,0,0,0,0,False,False,False,False
1262.383,False,True,0,0,0,0,False,False,False,False
1262.423,False,True,0,0,0,0,False,False,False,False
1262.464,False,True,0,0,0,0,False,False,False,False
1262.504,False,True,0,0,0,0,False,False,False,False
1262.544,False,True,0,0,0,0,False,False,False,False
1262.585,False,True,0,0,0,0,False,False,False,False
1262.625,False,True,0,0,0,0,False,False,False,False
1262.666,False,True,0,0,0,0,False,False,False,False
1262.706,False,True,0,0,0,0,False,False,False,False
1262.747,False,True,0,0,0,0,False,False,False,False
1262.787,False,True,0,0,0,0,False,False,False,False
1262.828,False,True,0,0,0,0,False,False,False,False
1262.868,False,True,0,0,0,0,False,False,False,False
1262.909,False,True,0,0,0,0,False,False,False,False
1262.949,False,True,0,0,0,0,False,False,False,False
1262.99,False,True,0,0,0,0,False,False,False,False
1263.03,False,True,0,0,0,0,False,False,False,False
1263.071,False,True,0,0,0,0,False,False,False,False
1311.071,True,False,0,0,0,0,False,False,False,False
1311.112,True,False,0,0,0,0,False,False,False,False
3489.981,True,False,0,0,0,0,False,False,False,False
3490.021,True,False,0,0,0,0,False,False,False,False
3490.347,True,False,0,0,0,0,False,False,False,False
3490.387,True,False,0,0,0,0,False,False,False,False
3490.428,True,False,0,0,0,0,False,False,False,False
3490.469,True,False,0,0,0,0,False,False,False,False
3490.509,True,False,0,0,0,0,False,False,False,False
3490.55,True,False,0,0,0,0,False,False,False,False
3490.591,True,False,0,0,0,0,False,False,False,False
3490.632,True,False,0,0,0,0,False,False,False,False
3490.673,True,False,0,0,0,0,False,False,False,False
3490.713,True,False,0,0,0,0,False,False,False,False
3490.754,True,False,0,0,0,0,False,False,False,False
3490.795,True,False,0,0,0,0,False,False,False,False
3490.835,True,False,0,0,0,0,False,False,False,False
3490.876,True,False,0,0,0,0,False,False,False,False
3490.917,True,False,0,0,0,0,False,False,False,False
3490.958,True,False,0,0,0,0,False,False,False,False
3490.998,True,False,0,0,0,0,False,False,False,False
3491.039,True,False,0,0,0,0,False,False,False,False
3491.08,True,False,0,0,0,0,False,False,False,False
3491.121,True,False,0,0,0,0,False,False,False,False
3491.161,True,False,0,0,0,0,False,False,False,False
3491.202,True,False,0,0,0,0,False,False,False,False
3491.243,True,False,0,0,0,0,False,False,False,False
3491.284,True,False,0,0,0,0,False,False,False,False
3491.324,True,False,0,0,0,0,False,False,False,False
3491.365,True,False,0,0,0,0,False,False,False,False
3491.406,True,False,0,0,0,0,False,False,False,False
3491.447,True,False,0,0,0,0,False,False,False,False
3491.487,True,False,0,0,0,0,False,False,False,False
3491.528,True,False,0,0,0,0,False,False,False,False
3491.569,True,False,0,0,0,0,False,False,False,False
3491.61,True,False,0,0,0,0,False,False,False,False
3491.65,True,False,0,0,0,0,False,False,False,False
3491.691,True,False,0,0,0,0,False,False,False,False
3491.732,True,False,0,0,0,0,False,False,False,False
3491.773,True,False,0,0,0,0,False,False,False,False
3506.732,True,False,0,0,0,0,False,False,False,False
3506.772,True,False,0,0,0,0,False,False,False,False
3506.813,True,False,0,0,0,0,False,False,False,False
3506.854,True,False,0,0,0,0,False,False,False,False
3506.895,True,False,0,0,0,0,False,False,False,False
3506.935,True,False,0,0,0,0,False,False,False,False
3506.976,True,False,0,0,0,0,False,False,False,False
3507.017,True,False,0,0,0,0,False,False,False,False
3507.057,True,False,0,0,0,0,False,False,False,False
3507.098,True,False,0,0,0,0,False,False,False,False
3507.139,True,False,0,0,0,0,False,False,False,False
3507.18,True,False,0,0,0,0,False,False,False,False
3507.22,True,False,0,0,0,0,False,False,False,False
3507.261,True,False,0,0,0,0,False,False,False,False
3507.302,True,False,0,0,0,0,False,False,False,False
3507.342,True,False,0,0,0,0,False,False,False,False
3507.383,True,False,0,0,0,0,False,False,False,False
3507.424,True,False,0,0,0,0,False,False,False,False
3507.465,True,False,0,0,0,0,False,False,False,False
3507.505,True,False,0,0,0,0,False,False,False,False
3507.546,True,False,0,0,0,0,False,False,False,False
3507.587,True,False,0,0,0,0,False,False,False,False
3516.966,False,True,0,0,0,0,False,False,False,False
3517.008,False,True,0,0,0,0,False,False,False,False
3517.048,False,True,0,0,0,0,False,False,False,False
3517.089,False,True,0,0,0,0,False,False,False,False
3517.13,False,True,0,0,0,0,False,False,False,False
3517.171,False,True,0,0,0,0,False,False,False,False
3517.212,False,True,0,0,0,0,False,False,False,False
3517.252,False,True,0,0,0,0,False,False,False,False
3517.293,False,True,0,0,0,0,False,False,False,False
3517.334,False,True,0,0,0,0,False,False,False,False
3517.374,False,True,0,0,0,0,False,False,False,False
3517.415,False,True,0,0,0,0,False,False,False,False
3517.456,False,True,0,0,0,0,False,False,False,False
3517.497,False,True,0,0,0,0,False,False,False,False
3517.537,False,True,0,0,0,0,False,False,False,False
3517.578,False,True,0,0,0,0,False,False,False,False
3517.619,False,True,0,0,0,0,False,False,False,False
3518.51,False,True,0,0,0,0,False,False,False,False
3518.551,False,True,0,0,0,0,False,False,False,False
3518.591,False,True,0,0,0,0,False,False,False,False
3518.632,False,True,0,0,0,0,False,False,False,False
3518.672,False,True,0,0,0,0,False,False,False,False
3518.713,False,True,0,0,0,0,False,False,False,False
3518.753,False,True,0,0,0,0,False,False,False,False
3518.794,False,True,0,0,0,0,False,False,False,False
3518.834,False,True,0,0,0,0,False,False,False,False
3518.875,False,True,0,0,0,0,False,False,False,False
3518.915,False,True,0,0,0,0,False,False,False,False
3518.956,False,True,0,0,0,0,False,False,False,False
3518.996,False,True,0,0,0,0,False,False,False,False
3519.036,False,True,0,0,0,0,False,False,False,False
3519.077,False,True,0,0,0,0,False,False,False,False
3519.117,False,True,0,0,0,0,False,False,False,False
3519.158,False,True,0,0,0,0,False,False,False,False
3519.198,False,True,0,0,0,0,False,False,False,False
3519.239,False,True,0,0,0,0,False,False,False,False
3519.279,False,True,0,0,0,0,False,False,False,False
3519.32,False,True,0,0,0,0,False,False,False,False
3519.36,False,True,0,0,0,0,False,False,False,False
3519.401,False,True,0,0,0,0,False,False,False,False
3519.441,False,True,0,0,0,0,False,False,False,False
3519.482,False,True,0,0,0,0,False,False,False,False
3519.522,False,True,0,0,0,0,False,False,False,False
3519.563,False,True,0,0,0,0,False,False,False,False
3519.603,False,True,0,0,0,0,False,False,False,False
3519.643,False,True,0,0,0,0,False,False,False,False
3519.685,False,True,0,0,0,0,False,False,False,False
3519.725,False,True,0,0,0,0,False,False,False,False
3519.766,False,True,0,0,0,0,False,False,False,False
3519.806,False,True,0,0,0,0,False,False,False,False
3519.847,False,True,0,0,0,0,False,False,False,False
3519.887,False,True,0,0,0,0,False,False,False,False
3519.928,False,True,0,0,0,0,False,False,False,False
3519.968,False,True,0,0,0,0,False,False,False,False
3520.009,False,True,0,0,0,0,False,False,False,False
3520.049,False,True,0,0,0,0,False,False,False,False
3520.09,False,True,0,0,0,0,False,False,False,False
3520.13,False,True,0,0,0,0,False,False,False,False
3520.171,False,True,0,0,0,0,False,False,False,False
3520.211,False,True,0,0,0,0,False,False,False,False
3520.252,False,True,0,0,0,0,False,False,False,False
3520.292,False,True,0,0,0,0,False,False,False,False
3520.333,False,True,0,0,0,0,False,False,False,False
3520.373,False,True,0,0,0,0,False,False,False,False
3520.414,False,True,0,0,0,0,False,False,False,False
3520.454,False,True,0,0,0,0,False,False,False,False
3520.494,False,True,0,0,0,0,False,False,False,False
3520.535,False,True,0,0,0,0,False,False,False,False
3520.575,False,True,0,0,0,0,False,False,False,False
3520.616,False,True,0,0,0,0,False,False,False,False
3520.656,False,True,0,0,0,0,False,False,False,False
3520.697,False,True,0,0,0,0,False,False,False,False
3520.737,False,True,0,0,0,0,False,False,False,False
3520.778,False,True,0,0,0,0,False,False,False,False
3520.818,False,True,0,0,0,0,False,False,False,False
3520.859,False,True,0,0,0,0,False,False,False,False
3520.899,False,True,0,0,0,0,False,False,False,False
3520.94,False,True,0,0,0,0,False,False,False,False
3520.98,False,True,0,0,0,0,False,False,False,False
3521.021,False,True,0,0,0,0,False,False,False,False
3521.061,False,True,0,0,0,0,False,False,False,False
3521.102,False,True,0,0,0,0,False,False,False,False
3521.142,False,True,0,0,0,0,False,False,False,False
3521.183,False,True,0,0,0,0,False,False,False,False
3521.223,False,True,0,0,0,0,False,False,False,False
3521.264,False,True,0,0,0,0,False,False,False,False
3521.304,False,True,0,0,0,0,False,False,False,False
3521.345,False,True,0,0,0,0,False,False,False,False
3521.385,False,True,0,0,0,0,False,False,False,False
3521.426,False,True,0,0,0,0,False,False,False,False
3521.466,False,True,0,0,0,0,False,False,False,False
3521.507,False,True,0,0,0,0,False,False,False,False
3523.406,False,True,0,0,0,0,False,False,False,False
3523.447,False,True,0,0,0,0,False,False,False,False
3523.487,False,True,0,0,0,0,False,False,False,False
3523.528,False,True,0,0,0,0,False,False,False,False
3523.568,False,True,0,0,0,0,False,False,False,False
3524.053,False,True,0,0,0,0,False,False,False,False
3524.093,False,True,0,0,0,0,False,False,False,False
3524.134,False,True,0,0,0,0,False,False,False,False
3524.175,False,True,0,0,0,0,False,False,False,False
3524.215,False,True,0,0,0,0,False,False,False,False
3524.256,False,True,0,0,0,0,False,False,False,False
3524.296,False,True,0,0,0,0,False,False,False,False
3524.337,False,True,0,0,0,0,False,False,False,False
3524.377,False,True,0,0,0,0,False,False,False,False
3524.418,False,True,0,0,0,0,False,False,False,False
3524.458,False,True,0,0,0,0,False,False,False,False
3524.499,False,True,0,0,0,0,False,False,False,False
3524.539,False,True,0,0,0,0,False,False,False,False
3524.579,False,True,0,0,0,0,False,False,False,False
3524.62,False,True,0,0,0,0,False,False,False,False
3524.66,False,True,0,0,0,0,False,False,False,False
3524.701,False,True,0,0,0,0,False,False,False,False
3524.741,False,True,0,0,0,0,False,False,False,False
3524.782,False,True,0,0,0,0,False,False,False,False
3524.822,False,True,0,0,0,0,False,False,False,False
3524.863,False,True,0,0,0,0,False,False,False,False
3524.903,False,True,0,0,0,0,False,False,False,False
3524.944,False,True,0,0,0,0,False,False,False,False
3524.984,False,True,0,0,0,0,False,False,False,False
3525.025,False,True,0,0,0,0,False,False,False,False
3525.065,False,True,0,0,0,0,False,False,False,False
3525.106,False,True,0,0,0,0,False,False,False,False
3525.146,False,True,0,0,0,0,False,False,False,False
3525.186,False,True,0,0,0,0,False,False,False,False
3525.227,False,True,0,0,0,0,False,False,False,False
3525.267,False,True,0,0,0,0,False,False,False,False
3525.308,False,True,0,0,0,0,False,False,False,False
3525.348,False,True,0,0,0,0,False,False,False,False
3525.389,False,True,0,0,0,0,False,False,False,False
3525.429,False,True,0,0,0,0,False,False,False,False
3525.47,False,True,0,0,0,0,False,False,False,False
3525.511,False,True,0,0,0,0,False,False,False,False
3525.551,False,True,0,0,0,0,False,False,False,False
3525.592,False,True,0,0,0,0,False,False,False,False
3525.632,False,True,0,0,0,0,False,False,False,False
3525.673,False,True,0,0,0,0,False,False,False,False
3525.713,False,True,0,0,0,0,False,False,False,False
3525.754,False,True,0,0,0,0,False,False,False,False
3525.794,False,True,0,0,0,0,False,False,False,False
3525.835,False,True,0,0,0,0,False,False,False,False
3525.875,False,True,0,0,0,0,False,False,False,False
3525.916,False,True,0,0,0,0,False,False,False,False
3525.956,False,True,0,0,0,0,False,False,False,False
3525.996,False,True,0,0,0,0,False,False,False,False
3526.037,False,True,0,0,0,0,False,False,False,False
3526.078,False,True,0,0,0,0,False,False,False,False
3526.118,False,True,0,0,0,0,False,False,False,False
3526.159,False,True,0,0,0,0,False,False,False,False
3526.199,False,True,0,0,0,0,False,False,False,False
3526.239,False,True,0,0,0,0,False,False,False,False
3526.28,False,True,0,0,0,0,False,False,False,False
3526.32,False,True,0,0,0,0,False,False,False,False
3526.361,False,True,0,0,0,0,False,False,False,False
3526.401,False,True,0,0,0,0,False,False,False,False
3526.442,False,True,0,0,0,0,False,False,False,False
3526.482,False,True,0,0,0,0,False,False,False,False
3526.523,False,True,0,0,0,0,False,False,False,False
3526.563,False,True,0,0,0,0,False,False,False,False
3526.604,False,True,0,0,0,0,False,False,False,False
3526.644,False,True,0,0,0,0,False,False,False,False
3526.685,False,True,0,0,0,0,False,False,False,False
3540.261,False,True,0,0,0,0,False,False,False,False
3540.302,False,True,0,0,0,0,False,False,False,False
3540.343,False,True,0,0,0,0,False,False,False,False
3540.384,False,True,0,0,0,0,False,False,False,False
3540.425,False,True,0,0,0,0,False,False,False,False
3540.465,False,True,0,0,0,0,False,False,False,False
3540.506,False,True,0,0,0,0,False,False,False,False
3540.547,False,True,0,0,0,0,False,False,False,False
3540.588,False,True,0,0,0,0,False,False,False,False
3540.629,False,True,0,0,0,0,False,False,False,False
3548.877,False,True,0,0,0,0,False,False,False,False
3548.918,False,True,0,0,0,0,False,False,False,False
3548.958,False,True,0,0,0,0,False,False,False,False
3548.999,False,True,0,0,0,0,False,False,False,False
3549.039,False,True,0,0,0,0,False,False,False,False
3549.08,False,True,0,0,0,0,False,False,False,False
3549.12,False,True,0,0,0,0,False,False,False,False
3549.161,False,True,0,0,0,0,False,False,False,False
3549.201,False,True,0,0,0,0,False,False,False,False
3549.242,False,True,0,0,0,0,False,False,False,False
3549.282,False,True,0,0,0,0,False,False,False,False
3549.323,False,True,0,0,0,0,False,False,False,False
3549.363,False,True,0,0,0,0,False,False,False,False
3549.404,False,True,0,0,0,0,False,False,False,False
3549.444,False,True,0,0,0,0,False,False,False,False
3549.485,False,True,0,0,0,0,False,False,False,False
3549.525,False,True,0,0,0,0,False,False,False,False
3549.566,False,True,0,0,0,0,False,False,False,False
3549.606,False,True,0,0,0,0,False,False,False,False
3549.646,False,True,0,0,0,0,False,False,False,False
3549.687,False,True,0,0,0,0,False,False,False,False
3549.727,False,True,0,0,0,0,False,False,False,False
3549.768,False,True,0,0,0,0,False,False,False,False
3549.808,False,True,0,0,0,0,False,False,False,False
3549.849,False,True,0,0,0,0,False,False,False,False
3549.889,False,True,0,0,0,0,False,False,False,False
3549.93,False,True,0,0,0,0,False,False,False,False
3549.976,False,True,0,0,0,0,False,False,False,False
3550.016,False,True,0,0,0,0,False,False,False,False
3550.057,False,True,0,0,0,0,False,False,False,False
3550.097,False,True,0,0,0,0,False,False,False,False
3550.138,False,True,0,0,0,0,False,False,False,False
3550.178,False,True,0,0,0,0,False,False,False,False
3550.219,False,True,0,0,0,0,False,False,False,False
3550.259,False,True,0,0,0,0,False,False,False,False
3550.3,False,True,0,0,0,0,False,False,False,False
3550.34,False,True,0,0,0,0,False,False,False,False
3550.381,False,True,0,0,0,0,False,False,False,False
3550.421,False,True,0,0,0,0,False,False,False,False
3550.461,False,True,0,0,0,0,False,False,False,False
3550.502,False,True,0,0,0,0,False,False,False,False
3550.542,False,True,0,0,0,0,False,False,False,False
3550.583,False,True,0,0,0,0,False,False,False,False
3550.623,False,True,0,0,0,0,False,False,False,False
3550.664,False,True,0,0,0,0,False,False,False,False
3550.704,False,True,0,0,0,0,False,False,False,False
3576.759,False,True,0,0,0,0,False,False,False,False
3576.8,False,True,0,0,0,0,False,False,False,False
3576.841,False,True,0,0,0,0,False,False,False,False
3576.882,False,True,0,0,0,0,False,False,False,False
3576.922,False,True,0,0,0,0,False,False,False,False
3576.963,False,True,0,0,0,0,False,False,False,False
3577.004,False,True,0,0,0,0,False,False,False,False
3577.045,False,True,0,0,0,0,False,False,False,False
3577.085,False,True,0,0,0,0,False,False,False,False
3577.126,False,True,0,0,0,0,False,False,False,False
3577.167,False,True,0,0,0,0,False,False,False,False
3577.208,False,True,0,0,0,0,False,False,False,False
3577.248,False,True,0,0,0,0,False,False,False,False
3577.289,False,True,0,0,0,0,False,False,False,False
3577.33,False,True,0,0,0,0,False,False,False,False
3577.371,False,True,0,0,0,0,False,False,False,False
3577.412,False,True,0,0,0,0,False,False,False,False
3577.452,False,True,0,0,0,0,False,False,False,False
3577.493,False,True,0,0,0,0,False,False,False,False
3577.534,False,True,0,0,0,0,False,False,False,False
3577.574,False,True,0,0,0,0,False,False,False,False
3577.615,False,True,0,0,0,0,False,False,False,False
3577.656,False,True,0,0,0,0,False,False,False,False
3577.697,False,True,0,0,0,0,False,False,False,False
3577.737,False,True,0,0,0,0,False,False,False,False
3577.778,False,True,0,0,0,0,False,False,False,False
3577.819,False,True,0,0,0,0,False,False,False,False
3577.859,False,True,0,0,0,0,False,False,False,False
3577.9,False,True,0,0,0,0,False,False,False,False
3577.94,False,True,0,0,0,0,False,False,False,False
3577.981,False,True,0,0,0,0,False,False,False,False
3578.021,False,True,0,0,0,0,False,False,False,False
3578.062,False,True,0,0,0,0,False,False,False,False
3578.102,False,True,0,0,0,0,False,False,False,False
3578.142,False,True,0,0,0,0,False,False,False,False
3578.183,False,True,0,0,0,0,False,False,False,False
3578.223,False,True,0,0,0,0,False,False,False,False
3578.264,False,True,0,0,0,0,False,False,False,False
3578.304,False,True,0,0,0,0,False,False,False,False
3578.345,False,True,0,0,0,0,False,False,False,False
3578.385,False,True,0,0,0,0,False,False,False,False
3578.426,False,True,0,0,0,0,False,False,False,False
3578.466,False,True,0,0,0,0,False,False,False,False
3578.507,False,True,0,0,0,0,False,False,False,False
3578.547,False,True,0,0,0,0,False,False,False,False
3578.588,False,True,0,0,0,0,False,False,False,False
3578.628,False,True,0,0,0,0,False,False,False,False
3578.669,False,True,0,0,0,0,False,False,False,False
3578.709,False,True,0,0,0,0,False,False,False,False
3578.75,False,True,0,0,0,0,False,False,False,False
3578.79,False,True,0,0,0,0,False,False,False,False
3578.83,False,True,0,0,0,0,False,False,False,False
3578.871,False,True,0,0,0,0,False,False,False,False
3578.911,False,True,0,0,0,0,False,False,False,False
3578.952,False,True,0,0,0,0,False,False,False,False
3578.992,False,True,0,0,0,0,False,False,False,False
3579.033,False,True,0,0,0,0,False,False,False,False
3579.073,False,True,0,0,0,0,False,False,False,False
3579.114,False,True,0,0,0,0,False,False,False,False
3579.154,False,True,0,0,0,0,False,False,False,False
3579.195,False,True,0,0,0,0,False,False,False,False
3579.235,False,True,0,0,0,0,False,False,False,False
3579.276,False,True,0,0,0,0,False,False,False,False
3579.316,False,True,0,0,0,0,False,False,False,False
3579.357,False,True,0,0,0,0,False,False,False,False
3579.397,False,True,0,0,0,0,False,False,False,False
3579.438,False,True,0,0,0,0,False,False,False,False
3579.478,False,True,0,0,0,0,False,False,False,False
3579.519,False,True,0,0,0,0,False,False,False,False
3579.559,False,True,0,0,0,0,False,False,False,False
3579.6,False,True,0,0,0,0,False,False,False,False
3579.64,False,True,0,0,0,0,False,False,False,False
3579.681,False,True,0,0,0,0,False,False,False,False
3579.721,False,True,0,0,0,0,False,False,False,False
3579.762,False,True,0,0,0,0,False,False,False,False
3579.802,False,True,0,0,0,0,False,False,False,False
3579.843,False,True,0,0,0,0,False,False,False,False
3579.883,False,True,0,0,0,0,False,False,False,False
3579.924,False,True,0,0,0,0,False,False,False,False
3579.964,False,True,0,0,0,0,False,False,False,False
3580.004,False,True,0,0,0,0,False,False,False,False
3580.045,False,True,0,0,0,0,False,False,False,False
3580.085,False,True,0,0,0,0,False,False,False,False
3580.126,False,True,0,0,0,0,False,False,False,False
3580.167,False,True,0,0,0,0,False,False,False,False
3580.207,False,True,0,0,0,0,False,False,False,False
3580.268,False,True,0,0,0,0,False,False,False,False
3580.308,False,True,0,0,0,0,False,False,False,False
3580.349,False,True,0,0,0,0,False,False,False,False
3580.389,False,True,0,0,0,0,False,False,False,False
3580.43,False,True,0,0,0,0,False,False,False,False
3580.47,False,True,0,0,0,0,False,False,False,False
3580.51,False,True,0,0,0,0,False,False,False,False
3580.551,False,True,0,0,0,0,False,False,False,False
3580.591,False,True,0,0,0,0,False,False,False,False
3580.632,False,True,0,0,0,0,False,False,False,False
3580.672,False,True,0,0,0,0,False,False,False,False
3581.239,False,True,0,0,0,0,False,False,False,False
3581.279,False,True,0,0,0,0,False,False,False,False
3581.32,False,True,0,0,0,0,False,False,False,False
3581.36,False,True,0,0,0,0,False,False,False,False
3581.401,False,True,0,0,0,0,False,False,False,False
3581.441,False,True,0,0,0,0,False,False,False,False
3581.482,False,True,0,0,0,0,False,False,False,False
3581.523,False,True,0,0,0,0,False,False,False,False
3581.564,False,True,0,0,0,0,False,False,False,False
3581.605,False,True,0,0,0,0,False,False,False,False
3581.646,False,True,0,0,0,0,False,False,False,False
3581.687,False,True,0,0,0,0,False,False,False,False
3581.728,False,True,0,0,0,0,False,False,False,False
3581.769,False,True,0,0,0,0,False,False,False,False
3581.81,False,True,0,0,0,0,False,False,False,False
3581.851,False,True,0,0,0,0,False,False,False,False
3581.892,False,True,0,0,0,0,False,False,False,False
3581.933,False,True,0,0,0,0,False,False,False,False
3581.973,False,True,0,0,0,0,False,False,False,False
3582.014,False,True,0,0,0,0,False,False,False,False
3582.054,False,True,0,0,0,0,False,False,False,False
3582.095,False,True,0,0,0,0,False,False,False,False
3582.135,False,True,0,0,0,0,False,False,False,False
3582.176,False,True,0,0,0,0,False,False,False,False
3582.216,False,True,0,0,0,0,False,False,False,False
3582.257,False,True,0,0,0,0,False,False,False,False
3582.297,False,True,0,0,0,0,False,False,False,False
3582.338,False,True,0,0,0,0,False,False,False,False
3582.378,False,True,0,0,0,0,False,False,False,False
3582.419,False,True,0,0,0,0,False,False,False,False
3582.459,False,True,0,0,0,0,False,False,False,False
3582.499,False,True,0,0,0,0,False,False,False,False
3582.541,False,True,0,0,0,0,False,False,False,False
3582.581,False,True,0,0,0,0,False,False,False,False
3582.622,False,True,0,0,0,0,False,False,False,False
3582.662,False,True,0,0,0,0,False,False,False,False
3582.703,False,True,0,0,0,0,False,False,False,False
3582.743,False,True,0,0,0,0,False,False,False,False
3582.784,False,True,0,0,0,0,False,False,False,False
3582.824,False,True,0,0,0,0,False,False,False,False
3582.864,False,True,0,0,0,0,False,False,False,False
3582.905,False,True,0,0,0,0,False,False,False,False
3582.945,False,True,0,0,0,0,False,False,False,False
3582.986,False,True,0,0,0,0,False,False,False,False
3583.026,False,True,0,0,0,0,False,False,False,False
3583.067,False,True,0,0,0,0,False,False,False,False
3583.107,False,True,0,0,0,0,False,False,False,False
3583.148,False,True,0,0,0,0,False,False,False,False
3583.188,False,True,0,0,0,0,False,False,False,False
3583.229,False,True,0,0,0,0,False,False,False,False
3583.269,False,True,0,0,0,0,False,False,False,False
3583.31,False,True,0,0,0,0,False,False,False,False
3583.35,False,True,0,0,0,0,False,False,False,False
3583.391,False,True,0,0,0,0,False,False,False,False
3583.431,False,True,0,0,0,0,False,False,False,False
3583.472,False,True,0,0,0,0,False,False,False,False
3583.512,False,True,0,0,0,0,False,False,False,False
3583.552,False,True,0,0,0,0,False,False,False,False
3583.593,False,True,0,0,0,0,False,False,False,False
3583.633,False,True,0,0,0,0,False,False,False,False
3583.674,False,True,0,0,0,0,False,False,False,False
3583.714,False,True,0,0,0,0,False,False,False,False
3583.755,False,True,0,0,0,0,False,False,False,False
3583.795,False,True,0,0,0,0,False,False,False,False
3583.836,False,True,0,0,0,0,False,False,False,False
3583.876,False,True,0,0,0,0,False,False,False,False
3583.917,False,True,0,0,0,0,False,False,False,False
3583.957,False,True,0,0,0,0,False,False,False,False
3583.998,False,True,0,0,0,0,False,False,False,False
3584.038,False,True,0,0,0,0,False,False,False,False
3584.079,False,True,0,0,0,0,False,False,False,False
3584.119,False,True,0,0,0,0,False,False,False,False
3584.16,False,True,0,0,0,0,False,False,False,False
3584.2,False,True,0,0,0,0,False,False,False,False
3584.24,False,True,0,0,0,0,False,False,False,False
3584.281,False,True,0,0,0,0,False,False,False,False
3584.321,False,True,0,0,0,0,False,False,False,False
3584.362,False,True,0,0,0,0,False,False,False,False
3584.403,False,True,0,0,0,0,False,False,False,False
3584.443,False,True,0,0,0,0,False,False,False,False
3584.483,False,True,0,0,0,0,False,False,False,False
3584.524,False,True,0,0,0,0,False,False,False,False
3584.564,False,True,0,0,0,0,False,False,False,False
3584.605,False,True,0,0,0,0,False,False,False,False
3584.645,False,True,0,0,0,0,False,False,False,False
3584.686,False,True,0,0,0,0,False,False,False,False
3584.726,False,True,0,0,0,0,False,False,False,False
3584.767,False,True,0,0,0,0,False,False,False,False
3584.807,False,True,0,0,0,0,False,False,False,False
3584.848,False,True,0,0,0,0,False,False,False,False
3584.888,False,True,0,0,0,0,False,False,False,False
3584.929,False,True,0,0,0,0,False,False,False,False
3584.969,False,True,0,0,0,0,False,False,False,False
3585.01,False,True,0,0,0,0,False,False,False,False
3585.05,False,True,0,0,0,0,False,False,False,False
3585.09,False,True,0,0,0,0,False,False,False,False
3585.131,False,True,0,0,0,0,False,False,False,False
3585.171,False,True,0,0,0,0,False,False,False,False
3585.212,False,True,0,0,0,0,False,False,False,False
3585.252,False,True,0,0,0,0,False,False,False,False
3585.293,False,True,0,0,0,0,False,False,False,False
3585.333,False,True,0,0,0,0,False,False,False,False
3585.374,False,True,0,0,0,0,False,False,False,False
3585.414,False,True,0,0,0,0,False,False,False,False
3585.455,False,True,0,0,0,0,False,False,False,False
3585.495,False,True,0,0,0,0,False,False,False,False
3585.536,False,True,0,0,0,0,False,False,False,False
3585.577,False,True,0,0,0,0,False,False,False,False
3585.617,False,True,0,0,0,0,False,False,False,False
3585.658,False,True,0,0,0,0,False,False,False,False
3585.698,False,True,0,0,0,0,False,False,False,False
3585.739,False,True,0,0,0,0,False,False,False,False
3585.779,False,True,0,0,0,0,False,False,False,False
3585.82,False,True,0,0,0,0,False,False,False,False
3585.86,False,True,0,0,0,0,False,False,False,False
3585.9,False,True,0,0,0,0,False,False,False,False
3585.941,False,True,0,0,0,0,False,False,False,False
3585.981,False,True,0,0,0,0,False,False,False,False
3586.022,False,True,0,0,0,0,False,False,False,False
3586.062,False,True,0,0,0,0,False,False,False,False
3586.103,False,True,0,0,0,0,False,False,False,False
3586.143,False,True,0,0,0,0,False,False,False,False
3586.184,False,True,0,0,0,0,False,False,False,False
3586.224,False,True,0,0,0,0,False,False,False,False
3586.265,False,True,0,0,0,0,False,False,False,False
3586.305,False,True,0,0,0,0,False,False,False,False
3586.508,False,True,0,0,0,0,False,False,False,False
3586.548,False,True,0,0,0,0,False,False,False,False
3586.589,False,True,0,0,0,0,False,False,False,False
3586.629,False,True,0,0,0,0,False,False,False,False
3586.669,False,True,0,0,0,0,False,False,False,False
3586.71,False,True,0,0,0,0,False,False,False,False
3586.75,False,True,0,0,0,0,False,False,False,False
3586.791,False,True,0,0,0,0,False,False,False,False
3586.831,False,True,0,0,0,0,False,False,False,False
3586.872,False,True,0,0,0,0,False,False,False,False
3586.912,False,True,0,0,0,0,False,False,False,False
3586.953,False,True,0,0,0,0,False,False,False,False
3586.993,False,True,0,0,0,0,False,False,False,False
3587.034,False,True,0,0,0,0,False,False,False,False
3587.074,False,True,0,0,0,0,False,False,False,False
3587.115,False,True,0,0,0,0,False,False,False,False
3587.155,False,True,0,0,0,0,False,False,False,False
3587.196,False,True,0,0,0,0,False,False,False,False
3587.236,False,True,0,0,0,0,False,False,False,False
3587.276,False,True,0,0,0,0,False,False,False,False
3587.317,False,True,0,0,0,0,False,False,False,False
3587.357,False,True,0,0,0,0,False,False,False,False
3587.398,False,True,0,0,0,0,False,False,False,False
3587.439,False,True,0,0,0,0,False,False,False,False
3587.479,False,True,0,0,0,0,False,False,False,False
3587.519,False,True,0,0,0,0,False,False,False,False
3587.56,False,True,0,0,0,0,False,False,False,False
3587.6,False,True,0,0,0,0,False,False,False,False
3587.641,False,True,0,0,0,0,False,False,False,False
3587.681,False,True,0,0,0,0,False,False,False,False
3587.722,False,True,0,0,0,0,False,False,False,False
3587.762,False,True,0,0,0,0,False,False,False,False
3587.803,False,True,0,0,0,0,False,False,False,False
3587.843,False,True,0,0,0,0,False,False,False,False
3587.884,False,True,0,0,0,0,False,False,False,False
3587.924,False,True,0,0,0,0,False,False,False,False
3587.965,False,True,0,0,0,0,False,False,False,False
3588.005,False,True,0,0,0,0,False,False,False,False
3588.046,False,True,0,0,0,0,False,False,False,False
3588.086,False,True,0,0,0,0,False,False,False,False
3588.126,False,True,0,0,0,0,False,False,False,False
3588.167,False,True,0,0,0,0,False,False,False,False
3588.207,False,True,0,0,0,0,False,False,False,False
3588.248,False,True,0,0,0,0,False,False,False,False
3588.288,False,True,0,0,0,0,False,False,False,False
3588.329,False,True,0,0,0,0,False,False,False,False
3588.37,False,True,0,0,0,0,False,False,False,False
3588.411,False,True,0,0,0,0,False,False,False,False
3588.452,False,True,0,0,0,0,False,False,False,False
3588.493,False,True,0,0,0,0,False,False,False,False
3588.534,False,True,0,0,0,0,False,False,False,False
3588.575,False,True,0,0,0,0,False,False,False,False
3588.615,False,True,0,0,0,0,False,False,False,False
3588.656,False,True,0,0,0,0,False,False,False,False
3588.698,False,True,0,0,0,0,False,False,False,False
3588.739,False,True,0,0,0,0,False,False,False,False
3588.779,False,True,0,0,0,0,False,False,False,False
3588.82,False,True,0,0,0,0,False,False,False,False
3588.86,False,True,0,0,0,0,False,False,False,False
3594.074,False,True,0,0,0,0,False,False,False,False
3594.115,False,True,0,0,0,0,False,False,False,False
3594.156,False,True,0,0,0,0,False,False,False,False
3594.197,False,True,0,0,0,0,False,False,False,False
3594.237,False,True,0,0,0,0,False,False,False,False
3594.278,False,True,0,0,0,0,False,False,False,False
3594.319,False,True,0,0,0,0,False,False,False,False
3594.36,False,True,0,0,0,0,False,False,False,False
3594.4,False,True,0,0,0,0,False,False,False,False
3594.441,False,True,0,0,0,0,False,False,False,False
3594.482,False,True,0,0,0,0,False,False,False,False
3594.522,False,True,0,0,0,0,False,False,False,False
3594.563,False,True,0,0,0,0,False,False,False,False
3594.604,False,True,0,0,0,0,False,False,False,False
3594.645,False,True,0,0,0,0,False,False,False,False
3594.686,False,True,0,0,0,0,False,False,False,False
3594.726,False,True,0,0,0,0,False,False,False,False
3594.767,False,True,0,0,0,0,False,False,False,False
3594.808,False,True,0,0,0,0,False,False,False,False
3594.848,False,True,0,0,0,0,False,False,False,False
3594.889,False,True,0,0,0,0,False,False,False,False
3594.93,False,True,0,0,0,0,False,False,False,False
3594.971,False,True,0,0,0,0,False,False,False,False
3595.011,False,True,0,0,0,0,False,False,False,False
3595.052,False,True,0,0,0,0,False,False,False,False
3595.093,False,True,0,0,0,0,False,False,False,False
3595.133,False,True,0,0,0,0,False,False,False,False
3595.174,False,True,0,0,0,0,False,False,False,False
3595.215,False,True,0,0,0,0,False,False,False,False
3595.256,False,True,0,0,0,0,False,False,False,False
3595.296,False,True,0,0,0,0,False,False,False,False
3595.337,False,True,0,0,0,0,False,False,False,False
3595.378,False,True,0,0,0,0,False,False,False,False
3595.419,False,True,0,0,0,0,False,False,False,False
3595.459,False,True,0,0,0,0,False,False,False,False
3595.5,False,True,0,0,0,0,False,False,False,False
3595.54,False,True,0,0,0,0,False,False,False,False
3595.581,False,True,0,0,0,0,False,False,False,False
3595.621,False,True,0,0,0,0,False,False,False,False
3595.662,False,True,0,0,0,0,False,False,False,False
3595.702,False,True,0,0,0,0,False,False,False,False
3595.742,False,True,0,0,0,0,False,False,False,False
3595.783,False,True,0,0,0,0,False,False,False,False
3595.823,False,True,0,0,0,0,False,False,False,False
3595.864,False,True,0,0,0,0,False,False,False,False
3595.904,False,True,0,0,0,0,False,False,False,False
3595.945,False,True,0,0,0,0,False,False,False,False
3595.985,False,True,0,0,0,0,False,False,False,False
3596.026,False,True,0,0,0,0,False,False,False,False
3596.066,False,True,0,0,0,0,False,False,False,False
3596.107,False,True,0,0,0,0,False,False,False,False
3596.147,False,True,0,0,0,0,False,False,False,False
3596.188,False,True,0,0,0,0,False,False,False,False
3596.228,False,True,0,0,0,0,False,False,False,False
3596.269,False,True,0,0,0,0,False,False,False,False
3596.309,False,True,0,0,0,0,False,False,False,False
3596.35,False,True,0,0,0,0,False,False,False,False
3596.39,False,True,0,0,0,0,False,False,False,False
3598.452,False,True,0,0,0,0,False,False,False,False
3598.492,False,True,0,0,0,0,False,False,False,False
3598.533,False,True,0,0,0,0,False,False,False,False
3598.573,False,True,0,0,0,0,False,False,False,False
3598.614,False,True,0,0,0,0,False,False,False,False
3598.654,False,True,0,0,0,0,False,False,False,False
3598.695,False,True,0,0,0,0,False,False,False,False
3598.735,False,True,0,0,0,0,False,False,False,False
